{
	"format_version": "1.8.0",
	"animations": {
		"animation.double_sword.attack.tpp": {
			"loop": "hold_on_last_frame",
			"animation_length": 1.5,
			"bones": {
				"body": {
					"rotation": {
						"0.0": [0, 0, 0],
						"0.0833": [2.14, 2.22, 10.58],
						"0.1667": [2.28123, 6.44963, 15.16854],
						"0.25": [2.14, 14.97, 11.58],
						"0.3333": [0, 22.5, 0],
						"0.5": [0, 30, 0],
						"0.5833": [1.88, 28.62, -0.76],
						"0.6667": [8.48, 11.1, -3.19],
						"0.75": [23.08, -44.42, -5.61],
						"0.8333": [24.91, -53.39, -6.25],
						"0.9167": [25.74947, -54.36155, -6.88223],
						"1.0": [25.6, -53.49, -6.51],
						"1.125": [23.53, -47.12, -5.88],
						"1.25": [1.4, -13.37, -1.63],
						"1.3333": [0, 0, 0],
						"1.5": [0, 0, 0]
					},
					"position": {
						"0.0": [0, 0, 0],
						"0.0833": [2.25, 0.25, 0],
						"0.1667": [2.5, 0.5, 0],
						"0.3333": [-1, -3, 0],
						"0.5": [-1, -3, -5.4],
						"0.625": [-1, 0, -9.4],
						"0.75": [-1, -3, -13],
						"0.9167": [-1, -3, -13],
						"1.0": [-0.8, -2.4, -12.4],
						"1.25": [-0.2, -0.6, -3.1],
						"1.3333": [0, 0, 0],
						"1.5": [0, 0, 0]
					},
					"scale": {
						"0.0": [1, 1, 1],
						"1.5": [1, 1, 1]
					}
				},
				"rightArm": {
					"rotation": {
						"0.0": [0, 0, 0],
						"0.0833": [11.19, 2.55, 8.27],
						"0.1667": [32.63016, 10.49484, 23.27083],
						"0.25": [66.56, 15.99, 43.8],
						"0.3333": [80.74854, 19.21437, 56.06799],
						"0.4167": [91.6, 22.44, 64.13],
						"0.5": [96.45821, 27.66351, 68.19735],
						"0.5833": [94.9, 33.07, 65.23],
						"0.6667": [82.34564, 32.47959, 52.26164],
						"0.75": [-49.79424, 2.31597, -28.41986],
						"0.8333": [7.5, 0, -70],
						"0.9167": [15, -1, -73],
						"1.0": [16, -0.8, -66.4],
						"1.0833": [2, -0.6, -46.8],
						"1.1667": [-9.5, -0.4, -27.2],
						"1.25": [-13.5, -0.2, -7.6],
						"1.3333": [0, 0, 0],
						"1.5": [0, 0, 0]
					},
					"position": {
						"0.0": [0, 0, 0],
						"0.0833": [2, 0.25, 0.25],
						"0.1667": [2.5, 1.94, 0.44],
						"0.25": [2, 1.63, 0.63],
						"0.3333": [0, -3, 1],
						"0.5": [0, -4, -2],
						"0.5833": [-1, -2, -1.5],
						"0.6667": [-2, -2, -1],
						"0.75": [0, 0, 0.5],
						"0.8333": [3, 0, -4],
						"0.9167": [4, 1, -4],
						"1.0": [4.2, 0.8, -4.4],
						"1.0833": [2.15, -0.4, -4.3],
						"1.1667": [2.1, -1.6, -10.53],
						"1.2083": [1.58, -1.2, -4.9],
						"1.3333": [0, 0, 0],
						"1.5": [0, 0, 0]
					}
				},
				"leftArm": {
					"rotation": {
						"0.0": [0, 0, 0],
						"0.0833": [-4.06, -1.8, -1.29],
						"0.1667": [-21.12, -7.59, -5.08],
						"0.25": [-34.18, -13.39, -9.88],
						"0.3333": [-42.2367, -22.18892, -15.16783],
						"0.4167": [-43.82, -25.99, -21.71],
						"0.5": [-44.89482, -22.79687, -26.25382],
						"0.5833": [-35.45, -5.9, -25.88],
						"0.6667": [-14, 0, -22.5],
						"0.75": [20.44, -2.5, -18.4],
						"0.8333": [54.87053, -17.00153, -11.29033],
						"0.9167": [76.59898, -38.68419, -6.41701],
						"1.0": [71.28, -38.95, -4.13],
						"1.0833": [58.96, -35.21, -3.1],
						"1.25": [8.32, -5.74, -1.03],
						"1.3333": [0, 0, 0],
						"1.5": [0, 0, 0]
					},
					"position": {
						"0.0": [0, 0, 0],
						"0.1667": [1.5, -1.5, -0.5],
						"0.3333": [-1, -3, -1],
						"0.5": [-1, -4, -1],
						"0.5833": [-1, -1.67, -1],
						"0.625": [-1, -0.5, -3],
						"0.6667": [-1, -1, -2],
						"0.75": [-3.5, -0.5, -3.5],
						"0.8333": [0, -2, 0],
						"0.9167": [-0.33, -1.67, 1.5],
						"1.0": [-0.66, -1.34, 0.2],
						"1.0833": [3.25, 1.99, -2.85],
						"1.1667": [-0.83, -0.67, -3.23],
						"1.3333": [0, 0, 0],
						"1.5": [0, 0, 0]
					}
				},
				"leftLeg": {
					"rotation": {
						"0.0": [0, 0, 0],
						"0.1667": [0, 0, 0],
						"0.3333": [15, 0, 0],
						"0.5": [30, 0, 0],
						"0.5833": [32.05083, 0.93266, -2.44429],
						"0.6667": [29.39, 4.3, -7.85],
						"0.75": [23.71961, 6.67248, -12.26247],
						"0.9167": [23.43121, 7.6725, -14.57185],
						"1.3333": [0, 0, 0],
						"1.5": [0, 0, 0]
					},
					"position": {
						"0.0": [0, 0, 0],
						"0.1667": [0, 0, 0],
						"0.3333": [0, 0, -3],
						"0.5": [0, -2, -5],
						"0.625": [0, -1, -7],
						"0.75": [-1, -1, -6],
						"0.9167": [-2, -1, -6],
						"1.3333": [0, 0, 0],
						"1.5": [0, 0, 0]
					}
				},
				"rightLeg": {
					"rotation": {
						"0.0": [0, 0, 0],
						"0.0417": [2.17, -1.05, 5.27],
						"0.1667": [8.80855, -4.52193, 18.36919],
						"0.25": [21.17, -3.16, 16.81],
						"0.3333": [24.66569, -4.20854, 9.07947],
						"0.5": [34.66569, -4.20854, 9.07947],
						"0.625": [53.34508, 7.88502, 2.34838],
						"0.75": [11.81503, -32.12736, -18.81934],
						"0.9167": [13.57169, -34.96533, -16.45374],
						"1.0": [26.84, -33.7, 4.58],
						"1.0833": [38.14932, -16.66949, -5.60034],
						"1.1667": [27.08, -21.96, -8.26],
						"1.25": [13.54, -10.98, -5.63],
						"1.3333": [0, 0, 0],
						"1.5": [0, 0, 0]
					},
					"position": {
						"0.0": [0, 0, 0],
						"0.0833": [-0.5, 1, 0],
						"0.1667": [-1, 2, 0],
						"0.3333": [-2, -2, 0],
						"0.5": [-1, 0, -5],
						"0.625": [-1, 2, -12],
						"0.7083": [-1, -2, -14],
						"0.75": [-1, -1, -15],
						"0.9167": [0, -1, -15],
						"1.0833": [0, 2.6, -12],
						"1.3333": [0, 0, 0],
						"1.5": [0, 0, 0]
					}
				},
				"Sword": {
					"rotation": [0, 0, 0],
					"position": [0, 0, 0]
				},
				"bone2": {
					"position": {
						"0.0": [0, 0, -1],
						"1.5": [0, 0, -1]
					}
				}
			}
		},
		"animation.double_sword.attack.tpp2": {
			"loop": "hold_on_last_frame",
			"animation_length": 1.5,
			"bones": {
				"body": {
					"rotation": {
						"0.0": [0, 0, 0],
						"0.0833": [2.14, 2.22, 10.58],
						"0.1667": [2.28123, 6.44963, 15.16854],
						"0.25": [2.14, 14.97, 11.58],
						"0.3333": [0, 22.5, 0],
						"0.5": [0, 30, 0],
						"0.5833": [1.88, 28.62, -0.76],
						"0.6667": [8.48, 11.1, -3.19],
						"0.75": [23.08, -44.42, -5.61],
						"0.8333": [24.91, -53.39, -6.25],
						"0.9167": [25.74947, -54.36155, -6.88223],
						"1.0": [25.6, -53.49, -6.51],
						"1.125": [23.53, -47.12, -5.88],
						"1.25": [1.4, -13.37, -1.63],
						"1.3333": [0, 0, 0],
						"1.5": [0, 0, 0]
					},
					"position": {
						"0.0": [0, 0, 0],
						"0.0833": [2.25, 0.25, 0],
						"0.1667": [2.5, 0.5, 0],
						"0.3333": [-1, -3, 0],
						"0.5": [-1, -3, -5.4],
						"0.625": [-1, 0, -9.4],
						"0.75": [-1, -3, -13],
						"0.9167": [-1, -3, -13],
						"1.0": [-0.8, -2.4, -12.4],
						"1.25": [-0.2, -0.6, -3.1],
						"1.3333": [0, 0, 0],
						"1.5": [0, 0, 0]
					},
					"scale": {
						"0.0": [1, 1, 1],
						"1.5": [1, 1, 1]
					}
				},
				"rightArm": {
					"rotation": {
						"0.0": [0, 0, 0],
						"0.0833": [11.19, 2.55, 8.27],
						"0.1667": [32.63016, 10.49484, 23.27083],
						"0.25": [66.56, 15.99, 43.8],
						"0.3333": [80.74854, 19.21437, 56.06799],
						"0.4167": [91.6, 22.44, 64.13],
						"0.5": [96.45821, 27.66351, 68.19735],
						"0.5833": [94.9, 33.07, 65.23],
						"0.6667": [82.34564, 32.47959, 52.26164],
						"0.75": [-49.79424, 2.31597, -28.41986],
						"0.8333": [7.5, 0, -70],
						"0.9167": [15, -1, -73],
						"1.0": [16, -0.8, -66.4],
						"1.0833": [2, -0.6, -46.8],
						"1.1667": [-9.5, -0.4, -27.2],
						"1.25": [-13.5, -0.2, -7.6],
						"1.3333": [0, 0, 0],
						"1.5": [0, 0, 0]
					},
					"position": {
						"0.0": [0, 0, 0],
						"0.0833": [2, 0.25, 0.25],
						"0.1667": [2.5, 1.94, 0.44],
						"0.25": [2, 1.63, 0.63],
						"0.3333": [0, -3, 1],
						"0.5": [0, -4, -2],
						"0.5833": [-1, -2, -1.5],
						"0.6667": [-2, -2, -1],
						"0.75": [0, 0, 0.5],
						"0.8333": [3, 0, -4],
						"0.9167": [4, 1, -4],
						"1.0": [4.2, 0.8, -4.4],
						"1.0833": [2.15, -0.4, -4.3],
						"1.1667": [2.1, -1.6, -10.53],
						"1.2083": [1.58, -1.2, -4.9],
						"1.3333": [0, 0, 0],
						"1.5": [0, 0, 0]
					}
				},
				"leftArm": {
					"rotation": {
						"0.0": [0, 0, 0],