{
	"format_version": "1.8.0",
	"animations": {
		"animation.fire_breath.third_attack": {
			"loop": "hold_on_last_frame",
			"animation_length": 3,
			"bones": {
				"leftLeg": {
					"rotation": [0, 0, 0]
				},
				"rightLeg": {
					"rotation": [0, 0, 0]
				},
				"leftArm": {
					"rotation": {
						"0.0": [0, 0, 0],
						"0.0833": [1.82, -0.5, -2.85],
						"0.1667": [7.63, -2.01, -11.7],
						"0.25": [8.94569, -4.51238, -14.54568],
						"0.3333": [10.23, -5.69, -15.79],
						"0.4167": [1.50703, -10.86041, -17.04257],
						"0.5": [-44.14825, -13.77329, 0.19067],
						"0.5833": [-54.704, -8.95613, 54.16418],
						"0.6667": [-42.84094, 9.93918, 72.39671],
						"0.75": [-18.81713, 52.18807, 58.57575],
						"0.8333": [-23.81713, 52.18807, 58.57575],
						"0.9167": [-18.81713, 52.18807, 58.57575],
						"1.0": [-23.81713, 52.18807, 58.57575],
						"1.0833": [-18.81713, 52.18807, 58.57575],
						"1.1667": [-23.81713, 52.18807, 58.57575],
						"1.25": [-18.81713, 52.18807, 58.57575],
						"1.3333": [-23.81713, 52.18807, 58.57575],
						"1.4167": [-18.81713, 52.18807, 58.57575],
						"1.5": [-45.66032, 47.37298, 57.37597],
						"1.5833": [-47.80737, 12.75157, 59.64795],
						"1.6667": [-121.57052, 57.32367, -25.38528],
						"1.75": [-164.61436, 38.44868, -46.68086],
						"1.8333": [-173.23187, 13.82818, -50.25186],
						"1.9167": [-164.10526, -22.30717, -43.92211],
						"2.1667": [-92, -37, -20],
						"2.25": [-70, -31, -12],
						"2.4167": [-23, -17, -5],
						"2.5": [0, 0, 0]
					},
					"position": {
						"0.0": [0, 0, 0],
						"0.25": [0, 0, 1.8],
						"0.3333": [0, 0, 2],
						"0.4167": [0, 0, 2.2],
						"0.6667": [0, -1, -4.8],
						"0.75": [-2, -1, -5.8],
						"1.4167": [-2, -2, -5.8],
						"1.5": [-2, -1.5, -5.55],
						"1.5833": [-2, -1, -4.63],
						"1.6667": [-2, -0.5, -1.21],
						"1.75": [0, -1, 4],
						"1.8333": [0, -1, 5],
						"1.9167": [0, -1, 5.2],
						"2.0": [0, -1, 5.5],
						"2.0833": [0, -0.83, 5.58],
						"2.1667": [0, -0.66, 5.46],
						"2.25": [0, -0.49, 4.1],
						"2.3333": [0, -0.33, 1.73],
						"2.4167": [0, -0.17, -0.13],
						"2.5": [0, 0, 0]
					}
				},
				"rightArm": {
					"rotation": {
						"0.0": [0, 0, 0],
						"0.0833": [1.82, 0.5, 2.85],
						"0.1667": [7.63, 2.01, 11.7],
						"0.25": [8.94569, 4.51238, 14.54568],
						"0.3333": [10.23, 5.69, 15.79],
						"0.4167": [11.50703, 5.86041, 17.04257],
						"0.5417": [-6.55181, -0.1609, 17.36369],
						"0.6667": [-42.84493, -34.55568, 14.58876],
						"0.75": [-37.86198, -48.85827, 12.19327],
						"0.8333": [-41.78877, -52.70153, 17.25775],
						"0.9167": [-36.19772, -46.86214, 9.94933],
						"1.0": [-56.33721, -52.97683, 34.55244],
						"1.0833": [-49.0349, -48.41711, 25.13153],
						"1.1667": [-59.21111, -54.31055, 38.12032],
						"1.25": [-49.0349, -48.41711, 25.13153],
						"1.3333": [-59.21111, -54.31055, 38.12032],
						"1.4167": [-53.0349, -52.41711, 35.13153],
						"1.5": [-52.51, -47.21, 17.46],
						"1.5833": [-64.99046, -27.99523, -0.21865],
						"1.6667": [-93.1386, -0.57574, 5.68051],
						"1.75": [-100.60855, 36.17176, 65.9584],
						"1.8333": [-100.65, 45.16, 80.19],
						"1.9167": [-100.69635, 50.15795, 84.41826],
						"2.0": [-94.31, 48.99, 82.36],
						"2.0833": [-85.92, 41.82, 76.63],
						"2.5": [0, 0, 0]
					},
					"position": {
						"0.0": [0, 0, 0],
						"0.25": [0, 0, 1.8],
						"0.3333": [0, 0, 2],
						"0.4167": [0, 0, 2.2],
						"0.6667": [0, -1, -1.8],
						"0.75": [0, -2, -2.8],
						"1.4167": [0, -3, -2.8],
						"1.5": [0, -2.25, -3.55],
						"1.5833": [0, -1.5, -4.63],
						"1.75": [0, -1, 4],
						"1.8333": [0, -1, 5],
						"1.9167": [0, -1, 5.2],
						"2.0": [0, -1, 5.5],
						"2.0833": [0, -0.83, 5.58],
						"2.1667": [0, -0.66, 5.46],
						"2.25": [0, -0.49, 4.1],
						"2.3333": [0, -0.33, 1.73],
						"2.4167": [0, -0.17, -0.13],
						"2.5": [0, 0, 0]
					}
				},
				"body": {
					"rotation": {
						"0.0": [0, 0, 0],
						"0.25": [-7.5, 0, 0],
						"0.3333": [-8.5, 0, 0],
						"0.4167": [-9.5, 0, 0],
						"0.5": [-6.64, 1.75, 1.58],
						"0.6667": [18.59199, 14.2499, 4.73334],
						"0.75": [21.09199, 16.2499, 0],
						"1.4167": [28.59199, 16.2499, 0],
						"1.5": [28.944, 16.18742, 0],
						"1.5833": [23.46, 14.12, 0],
						"1.75": [-20, 0, 0],
						"1.8333": [-24.5, 0, 0],
						"1.9167": [-27, 0, 0],
						"2.0": [-28.5, 0, 0],
						"2.0833": [-29.25, 0, 0],
						"2.1667": [-26.30925, -0.64602, -0.15496],
						"2.4167": [0, 0, 0]
					},
					"position": {
						"0.0": [0, 0, 0],
						"0.25": [0, 0, -0.1],
						"0.3333": [0, 0, 0],
						"0.4167": [0, 0, 0],
						"0.5": [0, 0, 0],
						"0.6667": [0, 0, 0],
						"0.75": [0, 0, 0],
						"1.4167": [0, 0, 1.2],
						"1.5": [0, 0, 1.2],
						"1.5833": [0, 0, 1.2],
						"1.75": [0, 0, 0],
						"1.8333": [0, 0, 0],
						"1.9167": [0, 0, 0],
						"2.0": [0, 0, 0],
						"2.0833": [0, 0, 0],
						"2.1667": [0, 0, 0],
						"2.25": [0, 0, 0],
						"2.3333": [0, 0, 0],
						"2.4167": [0, 0, 0],
						"2.5": [0, 0, 0],
						"3.0": [0, 0, 0]
					}
				},
				"head": {
					"rotation": {
						"0.0": [0, 0, 0],
						"0.0833": [-3, 0, 0],
						"0.25": [-15, 0, 0],
						"0.3333": [-18.48, 0, 0],
						"0.4167": [-19.46, 0, 0],
						"0.5": [-20.45, 0, 0],
						"0.5833": [-14.77, 0, 0],
						"0.6667": [2.16, 0, 0],
						"0.75": [34.09, 0, 0],
						"0.8333": [46.96, 0, 0],
						"0.9167": [51.33, 0, 0],
						"1.4167": [64.33, 0, 0],
						"1.5": [56.79, 0, 0],
						"1.75": [-59.65274, -5.54256, -3.14806],
						"1.8333": [-73.38, 0, 0],
						"1.9167": [-73.92, 0, 0],
						"2.0": [-72.46, 0, 0],
						"2.0833": [-61, 0, 0],
						"2.5": [0, 0, 0]
					},
					"position": {
						"0.0": [0, 0, 0],
						"0.25": [0, 0, 1.8],
						"0.3333": [0, 0, 2],
						"0.4167": [0, 0, 2.2],
						"0.5": [0, -0.33, 1.2],
						"0.6667": [0, -1, -3.8],
						"0.75": [-1, -1, -4.8],
						"1.4167": [-1, -2, -5.8],
						"1.5": [-0.75, -1.75, -5.6],
						"1.5833": [-0.5, -1.5, -4.9],
						"1.75": [0, -1, 4],
						"1.8333": [0, -1, 5],
						"1.9167": [0, -1, 5.2],
						"2.0": [0, -1, 5.5],
						"2.0833": [0, -0.83, 5.58],
						"2.1667": [0, -0.66, 5.46],
						"2.25": [0, -0.49, 4.1],
						"2.3333": [0, -0.33, 1.73],
						"2.4167": [0, -0.17, -0.13],
						"2.5": [0, 0, 0]
					}
				},
				"bone12": {
					"rotation": [182.5, 0, 0]
				},
				"bone3": {
					"rotation": [0, 0, 0],
					"position": [0, 0, 0]
				}
			}
		},
		"animation.fire_breath.first_attack": {
			"loop": "hold_on_last_frame",
			"animation_length": 3,
			"bones": {
				"leftLeg": {
					"rotation": [0, 0, 0]
				},
				"rightLeg": {
					"rotation": [0, 0, 0]
				},
				"leftArm": {
					"rotation": {
						"0.0": [0, 0, 0],
						"0.0833": [1.82, -0.5, -2.85],
						"0.1667": [7.63, -2.01, -11.7],
						"0.25": [8.94569, -4.51238, -14.54568],
						"0.3333": [10.23, -5.69, -15.79],
						"0.4167": [1.50703, -10.86041, -17.04257],
						"0.5": [-44.14825, -13.77329, 0.19067],
						"0.5833": [-54.704, -8.95613, 54.16418],
						"0.6667": [-42.84094, 9.93918, 72.39671],
						"0.75": [-18.81713, 52.18807, 58.57575],
						"0.8333": [-23.81713, 52.18807, 58.57575],
						"0.9167": [-18.81713, 52.18807, 58.57575],
						"1.0": [-23.81713, 52.18807, 58.57575],
						"1.0833": [-18.81713, 52.18807, 58.57575],
						"1.1667": [-23.81713, 52.18807, 58.57575],
						"1.25": [-18.81713, 52.18807, 58.57575],
						"1.3333": [-23.81713, 52.18807, 58.57575],
						"1.4167": [-18.81713, 52.18807, 58.57575],
						"1.5": [-45.66032, 47.37298, 57.37597],
						"1.5833": [-47.80737, 12.75157, 59.64795],
						"1.6667": [-121.57052, 57.32367, -25.38528],
						"1.75": [-164.61436, 38.44868, -46.68086],
						"1.8333": [-173.23187, 13.82818, -50.25186],
						"1.9167": [-164.10526, -22.30717, -43.92211],
						"2.1667": [-92, -37, -20],
						"2.25": [-70, -31, -12],
						"2.4167": [-23, -17, -5],