{
	"format_version": "1.8.0",
	"animations": {
		"animation.ice.use2": {
			"loop": "hold_on_last_frame",
			"animation_length": 1.56,
			"bones": {
				"6": {
					"rotation": [40, 0, 0],
					"position": [3, -1, 17],
					"scale": [1, 1, 1]
				},
				"7": {
					"rotation": [22.85325, 2.02821, -1.41215],
					"position": [0, 0, 10],
					"scale": [1, 1, 1]
				},
				"8": {
					"rotation": [-15, 0, 0],
					"position": [0, 2, 17],
					"scale": [1, 1, 1]
				},
				"9": {
					"rotation": [15.50409, -14.47751, -3.96713],
					"position": [6, -5.48597, -8.8828],
					"scale": [1, 1, 1]
				},
				"bone": {
					"scale": [0, 0, 0]
				},
				"bone2": {
					"scale": {
						"0.0": [1.251, 0, 0],
						"0.04": [1.2878, 0.975, 0.975],
						"0.08": [1.2959, 1.1917, 1.1917],
						"0.2": [1.3, 1.3, 1.3]
					}
				}
			}
		},
		"animation.ice.use": {
			"loop": "hold_on_last_frame",
			"animation_length": 1.56,
			"bones": {
				"1": {
					"rotation": {
						"0.0": [92.48158, -0.16678, -0.40245],
						"0.04": [83.15, -0.17, -0.4],
						"0.12": [73.37, -0.17, -0.4],
						"0.24": [72.48, -0.17, -0.4],
						"0.4": [72.48, -0.17, -0.4],
						"0.48": [72.48, -0.17, -0.4],
						"0.56": [72.48, -0.17, -0.4],
						"0.64": [72.48, -0.17, -0.4],
						"0.8": [72.48, -0.17, -0.4]
					},
					"position": {
						"0.0": [1, -2.25, 10],
						"0.04": [1, -1.78, 9.07],
						"0.12": [1, -1.3, 8.09],
						"0.24": [1, -1.25, 8],
						"0.4": [1, -1.25, 8],
						"0.48": [1, -1.27, 8],
						"0.56": [1, -1.3, 8],
						"0.64": [1, -1.45, 8],
						"0.8": [1, -3.25, 8]
					},
					"scale": {
						"0.0": [0, 0, 0],
						"0.04": [0.56, 0.56, 0.56],
						"0.12": [1.1467, 1.1467, 1.1467],
						"0.24": [1.2, 1.2, 1.2],
						"0.4": [1.2, 1.2, 1.2],
						"0.48": [1.2, 1.2, 1.2],
						"0.56": [1.2, 1.2, 1.2],
						"0.64": [1.2, 1.2, 1.2],
						"0.84": [1.2, 1.2, 0],
						"0.88": [0, 0, 0]
					}
				},
				"2": {
					"rotation": {
						"0.0": [110, 0, 0],
						"0.04": [90.17, 0, 0],
						"0.12": [69.39, 0, 0],
						"0.24": [67.5, 0, 0],
						"0.28": [70, 0, 0],
						"0.48": [70, 0, 0],
						"0.56": [70, 0, 0],
						"0.64": [70, 0, 0],
						"0.72": [70, 0, 0],
						"0.84": [70, 0, 0],
						"0.92": [77.5, 0, 0]
					},
					"position": {
						"0.0": [0, -5.75, 18],
						"0.04": [0, -3.88, 15.2],
						"0.12": [0, -1.93, 12.27],
						"0.24": [0, -1.75, 12],
						"0.48": [0, -1.75, 12],
						"0.56": [0, -1.75, 12],
						"0.64": [0, -1.75, 12],
						"0.72": [0, -1.75, 12],
						"0.84": [0, -5.75, 12]
					},
					"scale": {
						"0.0": [0, 0, 0],
						"0.04": [0.5134, 0.5134, 0.5134],
						"0.12": [1.0511, 1.0511, 1.0511],
						"0.24": [1.1, 1.1, 1.1],
						"0.48": [1.1, 1.1, 1.1],
						"0.56": [1.1019, 1.1019, 1.0794],
						"0.64": [1.1056, 1.1056, 1.0389],
						"0.72": [1.1167, 1.1167, 0.9167],
						"0.92": [1.2, 1.2, 0],
						"0.96": [0, 0, 0]
					}
				},
				"3": {
					"rotation": {
						"0.04": [102.5, 0, 0],
						"0.08": [85, 0, 0],
						"0.16": [66.67, 0, 0],
						"0.28": [65, 0, 0],
						"0.52": [65, 0, 0],
						"0.6": [65.03, 0, 0],
						"0.68": [65.14, 0, 0],
						"0.76": [65.42, 0, 0],
						"0.88": [72.5, 0, 0],
						"0.96": [80, 0, 0]
					},
					"position": {
						"0.04": [1, -0.47, 12.91],
						"0.08": [1, 0.46, 9.65],
						"0.16": [1, 1.44, 6.22],
						"0.28": [1, 1.53, 5.91],
						"0.52": [1, 1.53, 5.91],
						"0.6": [1, 1.52, 5.91],
						"0.68": [1, 1.46, 5.91],
						"0.76": [1, 1.31, 5.91],
						"0.88": [1, -2.47, 5.91]
					},
					"scale": {
						"0.04": [0, 0, 0],
						"0.08": [0.4667, 0.4667, 0.4667],
						"0.16": [0.9555, 0.9555, 0.9555],
						"0.28": [1, 1, 1],
						"0.52": [1, 1, 1],
						"0.6": [1.0006, 1.0006, 0.9971],
						"0.68": [1.0028, 1.0028, 0.9861],
						"0.76": [1.0083, 1.0083, 0.9583],
						"0.96": [1.2, 1.2, 0],
						"1.0": [0, 0, 0]
					}
				},
				"4": {
					"rotation": {
						"0.12": [92.2, -1.48, -2.27],
						"0.16": [75.87, -1.48, -2.27],
						"0.24": [58.75, -1.48, -2.27],
						"0.36": [57.2, -1.48, -2.27],
						"0.44": [59.7, -1.48, -2.27],
						"0.56": [59.7, -1.48, -2.27],
						"0.64": [60.44, -1.48, -2.27],
						"0.72": [61.92, -1.48, -2.27],
						"0.8": [70.81, -1.48, -2.27],
						"0.96": [109.7, -1.48, -2.27]
					},
					"position": {
						"0.12": [0, -3, 22],
						"0.16": [0, -3, 18.74],
						"0.24": [0, -3, 15.31],
						"0.36": [0, -3, 15],
						"0.56": [0, -3, 15],
						"0.64": [0, -3.09, 15],
						"0.72": [0, -3.27, 15],
						"0.8": [0, -4.33, 15],
						"0.96": [0, -9, 15]
					},
					"scale": {
						"0.12": [0, 0, 0],
						"0.16": [0.4667, 0.4667, 0.4667],
						"0.24": [0.9555, 0.9555, 0.9555],
						"0.36": [1, 1, 1],
						"0.56": [1, 1, 1],
						"0.64": [1, 0.9867, 1.003],
						"0.72": [1, 0.96, 1.0089],
						"0.8": [1, 0.8, 1.0444],
						"0.96": [1, 0.1, 1.2],
						"1.0": [0, 0, 0]
					}
				},
				"5": {
					"rotation": {
						"0.08": [95, 0, 0],
						"0.12": [73.94, 8.03, -0.04],
						"0.2": [51.89, 16.44, -0.08],
						"0.32": [50.28, 17.06, -0.08],
						"0.4": [49.88, 17.21, -0.08],
						"0.72": [49.88, 17.21, -0.08],
						"0.8": [50.4, 17.12, 0.01],
						"0.88": [51.43, 16.95, 0.19],
						"1.04": [58.15645, 19.51525, -1.76903],
						"1.16": [57.78244, 9.05161, 0.71609]
					},
					"position": {
						"0.08": [6, -2.25, 22],
						"0.12": [6, -2.25, 20.13],
						"0.2": [6, -2.25, 18.18],
						"0.32": [6, -2.25, 18.04],
						"0.4": [6, -2.25, 18],
						"0.72": [6, -2.25, 18],
						"0.8": [6, -2.29, 18],
						"0.88": [6, -2.36, 18],
						"1.04": [6, -3.92, 16],
						"1.16": [6, -7.25, 8]
					},
					"scale": {
						"0.08": [0, 0, 0],
						"0.12": [0.4667, 0.4667, 0.4667],
						"0.2": [0.9555, 0.9555, 0.9555],
						"0.32": [0.9911, 0.9911, 0.9911],
						"0.4": [1, 1, 1],
						"0.72": [1, 1, 1],
						"0.8": [1, 0.9889, 1],
						"0.88": [1, 0.9667, 1],
						"1.04": [1, 0.6, 0.8],
						"1.16": [1, 0.3, 0.2],
						"1.2": [0, 0, 0]
					}
				},
				"6": {
					"rotation": {
						"0.12": [92.5, 0, 0],
						"0.16": [68, 0, 0],
						"0.24": [42.33, 0, 0],
						"0.36": [40, 0, 0],
						"0.44": [37.5, 0, 0],
						"0.72": [37.5, 0, 0],
						"0.8": [37.34, 0, 0],
						"0.88": [37.03, 0, 0],
						"0.96": [35.63, 0, 0],
						"1.12": [30, 0, 0]
					},
					"position": {
						"0.12": [3, -3, 17],
						"0.16": [3, -2.06, 17],
						"0.24": [3, -1.09, 17],
						"0.36": [3, -1, 17],
						"0.72": [3, -1, 17],
						"0.8": [3, -1.46, 17],
						"0.88": [3, -2.38, 17],
						"0.96": [3, -6.5, 17],
						"1.12": [3, -23, 17]
					},
					"scale": {
						"0.12": [0, 0, 0],
						"0.16": [0.4667, 0.4667, 0.4667],
						"0.24": [0.9555, 0.9555, 0.9555],
						"0.36": [1, 1, 1],
						"0.72": [1, 1, 1],
						"0.8": [1, 0.9854, 1.0042],
						"0.88": [1, 0.9563, 1.0125],
						"0.96": [1, 0.825, 1.05],
						"1.12": [1, 0.3, 1.2],
						"1.16": [0, 0, 0]
					}
				},
				"7": {
					"rotation": {
						"0.16": [82.85, 2.03, -1.41],
						"0.24": [39.02, 2.03, -1.41],
						"0.28": [31.08, 2.03, -1.41],
						"0.36": [25.59, 2.03, -1.41],
						"0.48": [23.4, 2.03, -1.41],
						"0.56": [22.99, 2.03, -1.41],
						"0.64": [22.85, 2.03, -1.41],
						"0.8": [22.85, 2.03, -1.41],
						"0.88": [23.56, 2.03, -1.41],
						"0.96": [24.99, 2.03, -1.41],
						"1.04": [31.42, 2.03, -1.41],
						"1.16": [52.85, 2.03, -1.41]
					},
					"position": {
						"0.16": [18, -25, 25],
						"0.24": [0.36, -7.22, 12.3],
						"0.28": [-0.02, -3.11, 11.2],
						"0.36": [-0.01, -1.04, 10.4],
						"0.48": [0, -0.21, 10.08],
						"0.56": [0, -0.05, 10.02],
						"0.64": [0, 0, 10],
						"0.8": [0, 0, 10],
						"0.88": [0, -0.62, 9.95],
						"0.96": [0, -1.86, 9.86],
						"1.04": [0, -7.43, 9.43],
						"1.16": [0, -26, 8]
					},
					"scale": {
						"0.12": [0, 0, 0],
						"0.16": [0.4667, 0.4667, 0.4667],
						"0.24": [0.9733, 0.9733, 0.9733],
						"0.28": [0.9911, 0.9911, 0.9911],